,Type,City,Price
0, Dacia Logan Diesel -2017 ,Agadir,NONE
1, dacia logane -2018 ,Casablanca,92 000
2, Dacia logan diesel tottoption 1er main -2016 ,Marrakech,80 000
3, Dacia logan -2017 ,Marrakech,NONE
4, Voiture -2006 ,Rabat,NONE
5, Dacia Logan Diesel -2014 ,Meknès,78 000
6, Dacia logane prestige 17 tactile -2017 ,Casablanca,86 000
7, Dacia Logan op -2017 ,Ain Harrouda,88 000
8, Dacia Logan -2017 ,Agadir,NONE
9, Dacia Logan tt -2017 ,Casablanca,88 000
10, dacia logan -2013 ,Agadir,69 000
11, dacia logan -2017 ,Casablanca,80 000
12, Dacia Logan Diesel -2015 ,Fès,NONE
13, Dacia Logan Diesel -2015 ,Casablanca,83 000
14, Logan 1 ère main diesel -2017 ,Fès,88 000
15, Dacia Logan -2018 ,Marrakech,92 000
16, Dacia logane -2017 ,Casablanca,95 000
17, Dacia Logan Diesel -2016 ,Salé,NONE
18, Dacia LOGAN Diesel tout option 6ch -2015 ,Casablanca,NONE
19, Dacia logan -2008 ,Casablanca,56 000
20, logan tout options diesel -2014 ,Mohammedia,79 000
21, dacia logan -2015 ,Casablanca,70 000
22, Dacia Logan -2016 ,Meknès,87 000
23, dacia logan diesel toute options clima 2ème -2009 ,Casablanca,66 000
24, Dacia Logan -2009 ,Rabat,55 000
25, Dacia logan -2013 ,Tanger,65 000
26, Dacia Logan diesel -2017 ,Fès,98 000
27, Dacia Logan Diesel 1er main -2015 ,Casablanca,87 000
28, Dacia Logan diesel première main -2018 ,Mohammedia,90 000
29, Dacia Logan Diesel -2010 ,Chefchaouen,56 000
30, DACIA LOGAN -2012 ,Casablanca,75 000
31, dacia logan tt options -2016 ,Taroudant,89 000
32, Dacia Logan -2011 ,Agadir,65 000
33, dacia logan -2013 ,Kénitra,78 000
34, Dacia Logan Diesel 1ère main -2017 ,Marrakech,91 000
